Event Index,UTC Timestamp,UTC Date,Local Timestamp,Local Timezone,Local Date,Experiment ID,Experiment Version,Tree Node Key,Repeat Key,Schedule ID,Participant Public ID,Participant Private ID,Participant Starting Group,Participant Status,Participant Completion Code,Participant External Session ID,Participant Device Type,Participant Device,Participant OS,Participant Browser,Participant Monitor Size,Participant Viewport Size,Checkpoint,Task Name,Task Version,branch-c9te,Question Key,Response
1,1591952476925,12/06/2020 09:01:16,1591952476812,2,12/06/2020 11:01:16,17411,6,questionnaire-dzon,,5573279,test,1555515,,complete,grclna,,computer,Desktop or Laptop,Mac OS 10.13.6,Chrome 83.0.4103.97,1680x1050,1473x938,,DOSPERT,1,Male,BEGIN QUESTIONNAIRE,
2,1591952506751,12/06/2020 09:01:46,1591952506683,2,12/06/2020 11:01:46,17411,6,questionnaire-dzon,,5573279,test,1555515,,complete,grclna,,computer,Desktop or Laptop,Mac OS 10.13.6,Chrome 83.0.4103.97,1680x1050,1473x938,,DOSPERT,1,Male,response-2,7
3,1591952506845,12/06/2020 09:01:46,1591952506685,2,12/06/2020 11:01:46,17411,6,questionnaire-dzon,,5573279,test,1555515,,complete,grclna,,computer,Desktop or Laptop,Mac OS 10.13.6,Chrome 83.0.4103.97,1680x1050,1473x938,,DOSPERT,1,Male,response-3,7
4,1591952506845,12/06/2020 09:01:46,1591952506685,2,12/06/2020 11:01:46,17411,6,questionnaire-dzon,,5573279,test,1555515,,complete,grclna,,computer,Desktop or Laptop,Mac OS 10.13.6,Chrome 83.0.4103.97,1680x1050,1473x938,,DOSPERT,1,Male,response-2-quantised,7
5,1591952506845,12/06/2020 09:01:46,1591952506685,2,12/06/2020 11:01:46,17411,6,questionnaire-dzon,,5573279,test,1555515,,complete,grclna,,computer,Desktop or Laptop,Mac OS 10.13.6,Chrome 83.0.4103.97,1680x1050,1473x938,,DOSPERT,1,Male,response-3-quantised,7
6,1591952506845,12/06/2020 09:01:46,1591952506686,2,12/06/2020 11:01:46,17411,6,questionnaire-dzon,,5573279,test,1555515,,complete,grclna,,computer,Desktop or Laptop,Mac OS 10.13.6,Chrome 83.0.4103.97,1680x1050,1473x938,,DOSPERT,1,Male,response-4,7
7,1591952506845,12/06/2020 09:01:46,1591952506686,2,12/06/2020 11:01:46,17411,6,questionnaire-dzon,,5573279,test,1555515,,complete,grclna,,computer,Desktop or Laptop,Mac OS 10.13.6,Chrome 83.0.4103.97,1680x1050,1473x938,,DOSPERT,1,Male,response-4-quantised,7
8,1591952506845,12/06/2020 09:01:46,1591952506686,2,12/06/2020 11:01:46,17411,6,questionnaire-dzon,,5573279,test,1555515,,complete,grclna,,computer,Desktop or Laptop,Mac OS 10.13.6,Chrome 83.0.4103.97,1680x1050,1473x938,,DOSPERT,1,Male,response-5,7
9,1591952506845,12/06/2020 09:01:46,1591952506686,2,12/06/2020 11:01:46,17411,6,questionnaire-dzon,,5573279,test,1555515,,complete,grclna,,computer,Desktop or Laptop,Mac OS 10.13.6,Chrome 83.0.4103.97,1680x1050,1473x938,,DOSPERT,1,Male,response-5-quantised,7
10,1591952506845,12/06/2020 09:01:46,1591952506686,2,12/06/2020 11:01:46,17411,6,questionnaire-dzon,,5573279,test,1555515,,complete,grclna,,computer,Desktop or Laptop,Mac OS 10.13.6,Chrome 83.0.4103.97,1680x1050,1473x938,,DOSPERT,1,Male,response-6,7
11,1591952506845,12/06/2020 09:01:46,1591952506686,2,12/06/2020 11:01:46,17411,6,questionnaire-dzon,,5573279,test,1555515,,complete,grclna,,computer,Desktop or Laptop,Mac OS 10.13.6,Chrome 83.0.4103.97,1680x1050,1473x938,,DOSPERT,1,Male,response-6-quantised,7
12,1591952506845,12/06/2020 09:01:46,1591952506687,2,12/06/2020 11:01:46,17411,6,questionnaire-dzon,,5573279,test,1555515,,complete,grclna,,computer,Desktop or Laptop,Mac OS 10.13.6,Chrome 83.0.4103.97,1680x1050,1473x938,,DOSPERT,1,Male,response-7-quantised,7
13,1591952506845,12/06/2020 09:01:46,1591952506687,2,12/06/2020 11:01:46,17411,6,questionnaire-dzon,,5573279,test,1555515,,complete,grclna,,computer,Desktop or Laptop,Mac OS 10.13.6,Chrome 83.0.4103.97,1680x1050,1473x938,,DOSPERT,1,Male,response-8,7
14,1591952506845,12/06/2020 09:01:46,1591952506687,2,12/06/2020 11:01:46,17411,6,questionnaire-dzon,,5573279,test,1555515,,complete,grclna,,computer,Desktop or Laptop,Mac OS 10.13.6,Chrome 83.0.4103.97,1680x1050,1473x938,,DOSPERT,1,Male,response-8-quantised,7
15,1591952506845,12/06/2020 09:01:46,1591952506687,2,12/06/2020 11:01:46,17411,6,questionnaire-dzon,,5573279,test,1555515,,complete,grclna,,computer,Desktop or Laptop,Mac OS 10.13.6,Chrome 83.0.4103.97,1680x1050,1473x938,,DOSPERT,1,Male,response-9,7
16,1591952506845,12/06/2020 09:01:46,1591952506687,2,12/06/2020 11:01:46,17411,6,questionnaire-dzon,,5573279,test,1555515,,complete,grclna,,computer,Desktop or Laptop,Mac OS 10.13.6,Chrome 83.0.4103.97,1680x1050,1473x938,,DOSPERT,1,Male,response-9-quantised,7
17,1591952506845,12/06/2020 09:01:46,1591952506687,2,12/06/2020 11:01:46,17411,6,questionnaire-dzon,,5573279,test,1555515,,complete,grclna,,computer,Desktop or Laptop,Mac OS 10.13.6,Chrome 83.0.4103.97,1680x1050,1473x938,,DOSPERT,1,Male,response-7,7
18,1591952506845,12/06/2020 09:01:46,1591952506688,2,12/06/2020 11:01:46,17411,6,questionnaire-dzon,,5573279,test,1555515,,complete,grclna,,computer,Desktop or Laptop,Mac OS 10.13.6,Chrome 83.0.4103.97,1680x1050,1473x938,,DOSPERT,1,Male,response-10-quantised,7
19,1591952506845,12/06/2020 09:01:46,1591952506688,2,12/06/2020 11:01:46,17411,6,questionnaire-dzon,,5573279,test,1555515,,complete,grclna,,computer,Desktop or Laptop,Mac OS 10.13.6,Chrome 83.0.4103.97,1680x1050,1473x938,,DOSPERT,1,Male,response-10,7
20,1591952506845,12/06/2020 09:01:46,1591952506688,2,12/06/2020 11:01:46,17411,6,questionnaire-dzon,,5573279,test,1555515,,complete,grclna,,computer,Desktop or Laptop,Mac OS 10.13.6,Chrome 83.0.4103.97,1680x1050,1473x938,,DOSPERT,1,Male,response-11-quantised,7
21,1591952506845,12/06/2020 09:01:46,1591952506688,2,12/06/2020 11:01:46,17411,6,questionnaire-dzon,,5573279,test,1555515,,complete,grclna,,computer,Desktop or Laptop,Mac OS 10.13.6,Chrome 83.0.4103.97,1680x1050,1473x938,,DOSPERT,1,Male,response-12,7
22,1591952506939,12/06/2020 09:01:46,1591952506688,2,12/06/2020 11:01:46,17411,6,questionnaire-dzon,,5573279,test,1555515,,complete,grclna,,computer,Desktop or Laptop,Mac OS 10.13.6,Chrome 83.0.4103.97,1680x1050,1473x938,,DOSPERT,1,Male,response-12-quantised,7
23,1591952506939,12/06/2020 09:01:46,1591952506688,2,12/06/2020 11:01:46,17411,6,questionnaire-dzon,,5573279,test,1555515,,complete,grclna,,computer,Desktop or Laptop,Mac OS 10.13.6,Chrome 83.0.4103.97,1680x1050,1473x938,,DOSPERT,1,Male,response-13,7
24,1591952506845,12/06/2020 09:01:46,1591952506688,2,12/06/2020 11:01:46,17411,6,questionnaire-dzon,,5573279,test,1555515,,complete,grclna,,computer,Desktop or Laptop,Mac OS 10.13.6,Chrome 83.0.4103.97,1680x1050,1473x938,,DOSPERT,1,Male,response-11,7
25,1591952506939,12/06/2020 09:01:46,1591952506689,2,12/06/2020 11:01:46,17411,6,questionnaire-dzon,,5573279,test,1555515,,complete,grclna,,computer,Desktop or Laptop,Mac OS 10.13.6,Chrome 83.0.4103.97,1680x1050,1473x938,,DOSPERT,1,Male,response-13-quantised,7
26,1591952506939,12/06/2020 09:01:46,1591952506689,2,12/06/2020 11:01:46,17411,6,questionnaire-dzon,,5573279,test,1555515,,complete,grclna,,computer,Desktop or Laptop,Mac OS 10.13.6,Chrome 83.0.4103.97,1680x1050,1473x938,,DOSPERT,1,Male,response-14-quantised,7
27,1591952506939,12/06/2020 09:01:46,1591952506689,2,12/06/2020 11:01:46,17411,6,questionnaire-dzon,,5573279,test,1555515,,complete,grclna,,computer,Desktop or Laptop,Mac OS 10.13.6,Chrome 83.0.4103.97,1680x1050,1473x938,,DOSPERT,1,Male,response-15,7
28,1591952506939,12/06/2020 09:01:46,1591952506689,2,12/06/2020 11:01:46,17411,6,questionnaire-dzon,,5573279,test,1555515,,complete,grclna,,computer,Desktop or Laptop,Mac OS 10.13.6,Chrome 83.0.4103.97,1680x1050,1473x938,,DOSPERT,1,Male,response-15-quantised,7
29,1591952506939,12/06/2020 09:01:46,1591952506689,2,12/06/2020 11:01:46,17411,6,questionnaire-dzon,,5573279,test,1555515,,complete,grclna,,computer,Desktop or Laptop,Mac OS 10.13.6,Chrome 83.0.4103.97,1680x1050,1473x938,,DOSPERT,1,Male,response-16,7
30,1591952506939,12/06/2020 09:01:46,1591952506689,2,12/06/2020 11:01:46,17411,6,questionnaire-dzon,,5573279,test,1555515,,complete,grclna,,computer,Desktop or Laptop,Mac OS 10.13.6,Chrome 83.0.4103.97,1680x1050,1473x938,,DOSPERT,1,Male,response-16-quantised,7
31,1591952506939,12/06/2020 09:01:46,1591952506689,2,12/06/2020 11:01:46,17411,6,questionnaire-dzon,,5573279,test,1555515,,complete,grclna,,computer,Desktop or Laptop,Mac OS 10.13.6,Chrome 83.0.4103.97,1680x1050,1473x938,,DOSPERT,1,Male,response-14,7
32,1591952506939,12/06/2020 09:01:46,1591952506690,2,12/06/2020 11:01:46,17411,6,questionnaire-dzon,,5573279,test,1555515,,complete,grclna,,computer,Desktop or Laptop,Mac OS 10.13.6,Chrome 83.0.4103.97,1680x1050,1473x938,,DOSPERT,1,Male,response-17,7
33,1591952506939,12/06/2020 09:01:46,1591952506690,2,12/06/2020 11:01:46,17411,6,questionnaire-dzon,,5573279,test,1555515,,complete,grclna,,computer,Desktop or Laptop,Mac OS 10.13.6,Chrome 83.0.4103.97,1680x1050,1473x938,,DOSPERT,1,Male,response-17-quantised,7
34,1591952506939,12/06/2020 09:01:46,1591952506691,2,12/06/2020 11:01:46,17411,6,questionnaire-dzon,,5573279,test,1555515,,complete,grclna,,computer,Desktop or Laptop,Mac OS 10.13.6,Chrome 83.0.4103.97,1680x1050,1473x938,,DOSPERT,1,Male,response-18,7
35,1591952506939,12/06/2020 09:01:46,1591952506691,2,12/06/2020 11:01:46,17411,6,questionnaire-dzon,,5573279,test,1555515,,complete,grclna,,computer,Desktop or Laptop,Mac OS 10.13.6,Chrome 83.0.4103.97,1680x1050,1473x938,,DOSPERT,1,Male,response-18-quantised,7
36,1591952506939,12/06/2020 09:01:46,1591952506692,2,12/06/2020 11:01:46,17411,6,questionnaire-dzon,,5573279,test,1555515,,complete,grclna,,computer,Desktop or Laptop,Mac OS 10.13.6,Chrome 83.0.4103.97,1680x1050,1473x938,,DOSPERT,1,Male,response-19,7
37,1591952506939,12/06/2020 09:01:46,1591952506693,2,12/06/2020 11:01:46,17411,6,questionnaire-dzon,,5573279,test,1555515,,complete,grclna,,computer,Desktop or Laptop,Mac OS 10.13.6,Chrome 83.0.4103.97,1680x1050,1473x938,,DOSPERT,1,Male,response-19-quantised,7
38,1591952506939,12/06/2020 09:01:46,1591952506694,2,12/06/2020 11:01:46,17411,6,questionnaire-dzon,,5573279,test,1555515,,complete,grclna,,computer,Desktop or Laptop,Mac OS 10.13.6,Chrome 83.0.4103.97,1680x1050,1473x938,,DOSPERT,1,Male,response-20,7
39,1591952506939,12/06/2020 09:01:46,1591952506694,2,12/06/2020 11:01:46,17411,6,questionnaire-dzon,,5573279,test,1555515,,complete,grclna,,computer,Desktop or Laptop,Mac OS 10.13.6,Chrome 83.0.4103.97,1680x1050,1473x938,,DOSPERT,1,Male,response-20-quantised,7
40,1591952506939,12/06/2020 09:01:46,1591952506694,2,12/06/2020 11:01:46,17411,6,questionnaire-dzon,,5573279,test,1555515,,complete,grclna,,computer,Desktop or Laptop,Mac OS 10.13.6,Chrome 83.0.4103.97,1680x1050,1473x938,,DOSPERT,1,Male,response-21,7
41,1591952506939,12/06/2020 09:01:46,1591952506694,2,12/06/2020 11:01:46,17411,6,questionnaire-dzon,,5573279,test,1555515,,complete,grclna,,computer,Desktop or Laptop,Mac OS 10.13.6,Chrome 83.0.4103.97,1680x1050,1473x938,,DOSPERT,1,Male,response-21-quantised,7
42,1591952506939,12/06/2020 09:01:46,1591952506694,2,12/06/2020 11:01:46,17411,6,questionnaire-dzon,,5573279,test,1555515,,complete,grclna,,computer,Desktop or Laptop,Mac OS 10.13.6,Chrome 83.0.4103.97,1680x1050,1473x938,,DOSPERT,1,Male,response-22,7
43,1591952507079,12/06/2020 09:01:47,1591952506695,2,12/06/2020 11:01:46,17411,6,questionnaire-dzon,,5573279,test,1555515,,complete,grclna,,computer,Desktop or Laptop,Mac OS 10.13.6,Chrome 83.0.4103.97,1680x1050,1473x938,,DOSPERT,1,Male,response-22-quantised,7
44,1591952507079,12/06/2020 09:01:47,1591952506695,2,12/06/2020 11:01:46,17411,6,questionnaire-dzon,,5573279,test,1555515,,complete,grclna,,computer,Desktop or Laptop,Mac OS 10.13.6,Chrome 83.0.4103.97,1680x1050,1473x938,,DOSPERT,1,Male,response-23,7
45,1591952507079,12/06/2020 09:01:47,1591952506695,2,12/06/2020 11:01:46,17411,6,questionnaire-dzon,,5573279,test,1555515,,complete,grclna,,computer,Desktop or Laptop,Mac OS 10.13.6,Chrome 83.0.4103.97,1680x1050,1473x938,,DOSPERT,1,Male,response-23-quantised,7
46,1591952507079,12/06/2020 09:01:47,1591952506695,2,12/06/2020 11:01:46,17411,6,questionnaire-dzon,,5573279,test,1555515,,complete,grclna,,computer,Desktop or Laptop,Mac OS 10.13.6,Chrome 83.0.4103.97,1680x1050,1473x938,,DOSPERT,1,Male,response-24,7
47,1591952507079,12/06/2020 09:01:47,1591952506695,2,12/06/2020 11:01:46,17411,6,questionnaire-dzon,,5573279,test,1555515,,complete,grclna,,computer,Desktop or Laptop,Mac OS 10.13.6,Chrome 83.0.4103.97,1680x1050,1473x938,,DOSPERT,1,Male,response-24-quantised,7
48,1591952507079,12/06/2020 09:01:47,1591952506695,2,12/06/2020 11:01:46,17411,6,questionnaire-dzon,,5573279,test,1555515,,complete,grclna,,computer,Desktop or Laptop,Mac OS 10.13.6,Chrome 83.0.4103.97,1680x1050,1473x938,,DOSPERT,1,Male,response-25,7
49,1591952507079,12/06/2020 09:01:47,1591952506696,2,12/06/2020 11:01:46,17411,6,questionnaire-dzon,,5573279,test,1555515,,complete,grclna,,computer,Desktop or Laptop,Mac OS 10.13.6,Chrome 83.0.4103.97,1680x1050,1473x938,,DOSPERT,1,Male,response-25-quantised,7
50,1591952507079,12/06/2020 09:01:47,1591952506696,2,12/06/2020 11:01:46,17411,6,questionnaire-dzon,,5573279,test,1555515,,complete,grclna,,computer,Desktop or Laptop,Mac OS 10.13.6,Chrome 83.0.4103.97,1680x1050,1473x938,,DOSPERT,1,Male,response-26-quantised,7
51,1591952507079,12/06/2020 09:01:47,1591952506696,2,12/06/2020 11:01:46,17411,6,questionnaire-dzon,,5573279,test,1555515,,complete,grclna,,computer,Desktop or Laptop,Mac OS 10.13.6,Chrome 83.0.4103.97,1680x1050,1473x938,,DOSPERT,1,Male,response-27,7
52,1591952507079,12/06/2020 09:01:47,1591952506696,2,12/06/2020 11:01:46,17411,6,questionnaire-dzon,,5573279,test,1555515,,complete,grclna,,computer,Desktop or Laptop,Mac OS 10.13.6,Chrome 83.0.4103.97,1680x1050,1473x938,,DOSPERT,1,Male,response-27-quantised,7
53,1591952507079,12/06/2020 09:01:47,1591952506696,2,12/06/2020 11:01:46,17411,6,questionnaire-dzon,,5573279,test,1555515,,complete,grclna,,computer,Desktop or Laptop,Mac OS 10.13.6,Chrome 83.0.4103.97,1680x1050,1473x938,,DOSPERT,1,Male,response-26,7
54,1591952507079,12/06/2020 09:01:47,1591952506697,2,12/06/2020 11:01:46,17411,6,questionnaire-dzon,,5573279,test,1555515,,complete,grclna,,computer,Desktop or Laptop,Mac OS 10.13.6,Chrome 83.0.4103.97,1680x1050,1473x938,,DOSPERT,1,Male,response-28,7
55,1591952507079,12/06/2020 09:01:47,1591952506697,2,12/06/2020 11:01:46,17411,6,questionnaire-dzon,,5573279,test,1555515,,complete,grclna,,computer,Desktop or Laptop,Mac OS 10.13.6,Chrome 83.0.4103.97,1680x1050,1473x938,,DOSPERT,1,Male,response-28-quantised,7
56,1591952507079,12/06/2020 09:01:47,1591952506697,2,12/06/2020 11:01:46,17411,6,questionnaire-dzon,,5573279,test,1555515,,complete,grclna,,computer,Desktop or Laptop,Mac OS 10.13.6,Chrome 83.0.4103.97,1680x1050,1473x938,,DOSPERT,1,Male,response-29,7
57,1591952507079,12/06/2020 09:01:47,1591952506697,2,12/06/2020 11:01:46,17411,6,questionnaire-dzon,,5573279,test,1555515,,complete,grclna,,computer,Desktop or Laptop,Mac OS 10.13.6,Chrome 83.0.4103.97,1680x1050,1473x938,,DOSPERT,1,Male,response-29-quantised,7
58,1591952507079,12/06/2020 09:01:47,1591952506697,2,12/06/2020 11:01:46,17411,6,questionnaire-dzon,,5573279,test,1555515,,complete,grclna,,computer,Desktop or Laptop,Mac OS 10.13.6,Chrome 83.0.4103.97,1680x1050,1473x938,,DOSPERT,1,Male,response-30,7
59,1591952507079,12/06/2020 09:01:47,1591952506698,2,12/06/2020 11:01:46,17411,6,questionnaire-dzon,,5573279,test,1555515,,complete,grclna,,computer,Desktop or Laptop,Mac OS 10.13.6,Chrome 83.0.4103.97,1680x1050,1473x938,,DOSPERT,1,Male,response-30-quantised,7
60,1591952507079,12/06/2020 09:01:47,1591952506698,2,12/06/2020 11:01:46,17411,6,questionnaire-dzon,,5573279,test,1555515,,complete,grclna,,computer,Desktop or Laptop,Mac OS 10.13.6,Chrome 83.0.4103.97,1680x1050,1473x938,,DOSPERT,1,Male,response-31,7
61,1591952507079,12/06/2020 09:01:47,1591952506699,2,12/06/2020 11:01:46,17411,6,questionnaire-dzon,,5573279,test,1555515,,complete,grclna,,computer,Desktop or Laptop,Mac OS 10.13.6,Chrome 83.0.4103.97,1680x1050,1473x938,,DOSPERT,1,Male,response-31-quantised,7
62,1591952507079,12/06/2020 09:01:47,1591952506699,2,12/06/2020 11:01:46,17411,6,questionnaire-dzon,,5573279,test,1555515,,complete,grclna,,computer,Desktop or Laptop,Mac OS 10.13.6,Chrome 83.0.4103.97,1680x1050,1473x938,,DOSPERT,1,Male,END QUESTIONNAIRE,29887
1,1591979965913,12/06/2020 16:39:25,1591979966118,-4,12/06/2020 12:39:26,17411,6,questionnaire-dzon,,5579822,A1GRPIBHW72HDU,1557738,,complete,aqqsyb,,computer,Desktop or Laptop,Windows 10,Firefox 77.0,1536x864,1345x712,,DOSPERT,1,Male,BEGIN QUESTIONNAIRE,
2,1591980030840,12/06/2020 16:40:30,1591980031106,-4,12/06/2020 12:40:31,17411,6,questionnaire-dzon,,5579822,A1GRPIBHW72HDU,1557738,,complete,aqqsyb,,computer,Desktop or Laptop,Windows 10,Firefox 77.0,1536x864,1328x712,,DOSPERT,1,Male,response-2,6
3,1591980031171,12/06/2020 16:40:31,1591980031110,-4,12/06/2020 12:40:31,17411,6,questionnaire-dzon,,5579822,A1GRPIBHW72HDU,1557738,,complete,aqqsyb,,computer,Desktop or Laptop,Windows 10,Firefox 77.0,1536x864,1328x712,,DOSPERT,1,Male,response-3,5
4,1591980031171,12/06/2020 16:40:31,1591980031110,-4,12/06/2020 12:40:31,17411,6,questionnaire-dzon,,5579822,A1GRPIBHW72HDU,1557738,,complete,aqqsyb,,computer,Desktop or Laptop,Windows 10,Firefox 77.0,1536x864,1328x712,,DOSPERT,1,Male,response-3-quantised,5
5,1591980031171,12/06/2020 16:40:31,1591980031110,-4,12/06/2020 12:40:31,17411,6,questionnaire-dzon,,5579822,A1GRPIBHW72HDU,1557738,,complete,aqqsyb,,computer,Desktop or Laptop,Windows 10,Firefox 77.0,1536x864,1328x712,,DOSPERT,1,Male,response-2-quantised,6
6,1591980031171,12/06/2020 16:40:31,1591980031110,-4,12/06/2020 12:40:31,17411,6,questionnaire-dzon,,5579822,A1GRPIBHW72HDU,1557738,,complete,aqqsyb,,computer,Desktop or Laptop,Windows 10,Firefox 77.0,1536x864,1328x712,,DOSPERT,1,Male,response-4,2
7,1591980031171,12/06/2020 16:40:31,1591980031111,-4,12/06/2020 12:40:31,17411,6,questionnaire-dzon,,5579822,A1GRPIBHW72HDU,1557738,,complete,aqqsyb,,computer,Desktop or Laptop,Windows 10,Firefox 77.0,1536x864,1328x712,,DOSPERT,1,Male,response-5-quantised,6
8,1591980031171,12/06/2020 16:40:31,1591980031111,-4,12/06/2020 12:40:31,17411,6,questionnaire-dzon,,5579822,A1GRPIBHW72HDU,1557738,,complete,aqqsyb,,computer,Desktop or Laptop,Windows 10,Firefox 77.0,1536x864,1328x712,,DOSPERT,1,Male,response-6,6
9,1591980031171,12/06/2020 16:40:31,1591980031111,-4,12/06/2020 12:40:31,17411,6,questionnaire-dzon,,5579822,A1GRPIBHW72HDU,1557738,,complete,aqqsyb,,computer,Desktop or Laptop,Windows 10,Firefox 77.0,1536x864,1328x712,,DOSPERT,1,Male,response-5,6
10,1591980031171,12/06/2020 16:40:31,1591980031111,-4,12/06/2020 12:40:31,17411,6,questionnaire-dzon,,5579822,A1GRPIBHW72HDU,1557738,,complete,aqqsyb,,computer,Desktop or Laptop,Windows 10,Firefox 77.0,1536x864,1328x712,,DOSPERT,1,Male,response-4-quantised,2
11,1591980031171,12/06/2020 16:40:31,1591980031112,-4,12/06/2020 12:40:31,17411,6,questionnaire-dzon,,5579822,A1GRPIBHW72HDU,1557738,,complete,aqqsyb,,computer,Desktop or Laptop,Windows 10,Firefox 77.0,1536x864,1328x712,,DOSPERT,1,Male,response-6-quantised,6
12,1591980031171,12/06/2020 16:40:31,1591980031112,-4,12/06/2020 12:40:31,17411,6,questionnaire-dzon,,5579822,A1GRPIBHW72HDU,1557738,,complete,aqqsyb,,computer,Desktop or Laptop,Windows 10,Firefox 77.0,1536x864,1328x712,,DOSPERT,1,Male,response-7-quantised,5
13,1591980031171,12/06/2020 16:40:31,1591980031112,-4,12/06/2020 12:40:31,17411,6,questionnaire-dzon,,5579822,A1GRPIBHW72HDU,1557738,,complete,aqqsyb,,computer,Desktop or Laptop,Windows 10,Firefox 77.0,1536x864,1328x712,,DOSPERT,1,Male,response-8,5
14,1591980031171,12/06/2020 16:40:31,1591980031112,-4,12/06/2020 12:40:31,17411,6,questionnaire-dzon,,5579822,A1GRPIBHW72HDU,1557738,,complete,aqqsyb,,computer,Desktop or Laptop,Windows 10,Firefox 77.0,1536x864,1328x712,,DOSPERT,1,Male,response-8-quantised,5
15,1591980031171,12/06/2020 16:40:31,1591980031112,-4,12/06/2020 12:40:31,17411,6,questionnaire-dzon,,5579822,A1GRPIBHW72HDU,1557738,,complete,aqqsyb,,computer,Desktop or Laptop,Windows 10,Firefox 77.0,1536x864,1328x712,,DOSPERT,1,Male,response-9,4
16,1591980031171,12/06/2020 16:40:31,1591980031112,-4,12/06/2020 12:40:31,17411,6,questionnaire-dzon,,5579822,A1GRPIBHW72HDU,1557738,,complete,aqqsyb,,computer,Desktop or Laptop,Windows 10,Firefox 77.0,1536x864,1328x712,,DOSPERT,1,Male,response-7,5
17,1591980031171,12/06/2020 16:40:31,1591980031113,-4,12/06/2020 12:40:31,17411,6,questionnaire-dzon,,5579822,A1GRPIBHW72HDU,1557738,,complete,aqqsyb,,computer,Desktop or Laptop,Windows 10,Firefox 77.0,1536x864,1328x712,,DOSPERT,1,Male,response-9-quantised,4
18,1591980031171,12/06/2020 16:40:31,1591980031113,-4,12/06/2020 12:40:31,17411,6,questionnaire-dzon,,5579822,A1GRPIBHW72HDU,1557738,,complete,aqqsyb,,computer,Desktop or Laptop,Windows 10,Firefox 77.0,1536x864,1328x712,,DOSPERT,1,Male,response-10-quantised,1
19,1591980031171,12/06/2020 16:40:31,1591980031113,-4,12/06/2020 12:40:31,17411,6,questionnaire-dzon,,5579822,A1GRPIBHW72HDU,1557738,,complete,aqqsyb,,computer,Desktop or Laptop,Windows 10,Firefox 77.0,1536x864,1328x712,,DOSPERT,1,Male,response-11,1
20,1591980031171,12/06/2020 16:40:31,1591980031113,-4,12/06/2020 12:40:31,17411,6,questionnaire-dzon,,5579822,A1GRPIBHW72HDU,1557738,,complete,aqqsyb,,computer,Desktop or Laptop,Windows 10,Firefox 77.0,1536x864,1328x712,,DOSPERT,1,Male,response-11-quantised,1
21,1591980031171,12/06/2020 16:40:31,1591980031113,-4,12/06/2020 12:40:31,17411,6,questionnaire-dzon,,5579822,A1GRPIBHW72HDU,1557738,,complete,aqqsyb,,computer,Desktop or Laptop,Windows 10,Firefox 77.0,1536x864,1328x712,,DOSPERT,1,Male,response-12,5
22,1591980031346,12/06/2020 16:40:31,1591980031113,-4,12/06/2020 12:40:31,17411,6,questionnaire-dzon,,5579822,A1GRPIBHW72HDU,1557738,,complete,aqqsyb,,computer,Desktop or Laptop,Windows 10,Firefox 77.0,1536x864,1328x712,,DOSPERT,1,Male,response-12-quantised,5
23,1591980031346,12/06/2020 16:40:31,1591980031113,-4,12/06/2020 12:40:31,17411,6,questionnaire-dzon,,5579822,A1GRPIBHW72HDU,1557738,,complete,aqqsyb,,computer,Desktop or Laptop,Windows 10,Firefox 77.0,1536x864,1328x712,,DOSPERT,1,Male,response-13,2
24,1591980031171,12/06/2020 16:40:31,1591980031113,-4,12/06/2020 12:40:31,17411,6,questionnaire-dzon,,5579822,A1GRPIBHW72HDU,1557738,,complete,aqqsyb,,computer,Desktop or Laptop,Windows 10,Firefox 77.0,1536x864,1328x712,,DOSPERT,1,Male,response-10,1
25,1591980031346,12/06/2020 16:40:31,1591980031114,-4,12/06/2020 12:40:31,17411,6,questionnaire-dzon,,5579822,A1GRPIBHW72HDU,1557738,,complete,aqqsyb,,computer,Desktop or Laptop,Windows 10,Firefox 77.0,1536x864,1328x712,,DOSPERT,1,Male,response-13-quantised,2
26,1591980031346,12/06/2020 16:40:31,1591980031114,-4,12/06/2020 12:40:31,17411,6,questionnaire-dzon,,5579822,A1GRPIBHW72HDU,1557738,,complete,aqqsyb,,computer,Desktop or Laptop,Windows 10,Firefox 77.0,1536x864,1328x712,,DOSPERT,1,Male,response-14,4
27,1591980031346,12/06/2020 16:40:31,1591980031114,-4,12/06/2020 12:40:31,17411,6,questionnaire-dzon,,5579822,A1GRPIBHW72HDU,1557738,,complete,aqqsyb,,computer,Desktop or Laptop,Windows 10,Firefox 77.0,1536x864,1328x712,,DOSPERT,1,Male,response-14-quantised,4
28,1591980031346,12/06/2020 16:40:31,1591980031114,-4,12/06/2020 12:40:31,17411,6,questionnaire-dzon,,5579822,A1GRPIBHW72HDU,1557738,,complete,aqqsyb,,computer,Desktop or Laptop,Windows 10,Firefox 77.0,1536x864,1328x712,,DOSPERT,1,Male,response-15,2
29,1591980031346,12/06/2020 16:40:31,1591980031115,-4,12/06/2020 12:40:31,17411,6,questionnaire-dzon,,5579822,A1GRPIBHW72HDU,1557738,,complete,aqqsyb,,computer,Desktop or Laptop,Windows 10,Firefox 77.0,1536x864,1328x712,,DOSPERT,1,Male,response-15-quantised,2
30,1591980031346,12/06/2020 16:40:31,1591980031115,-4,12/06/2020 12:40:31,17411,6,questionnaire-dzon,,5579822,A1GRPIBHW72HDU,1557738,,complete,aqqsyb,,computer,Desktop or Laptop,Windows 10,Firefox 77.0,1536x864,1328x712,,DOSPERT,1,Male,response-16,5
31,1591980031346,12/06/2020 16:40:31,1591980031115,-4,12/06/2020 12:40:31,17411,6,questionnaire-dzon,,5579822,A1GRPIBHW72HDU,1557738,,complete,aqqsyb,,computer,Desktop or Laptop,Windows 10,Firefox 77.0,1536x864,1328x712,,DOSPERT,1,Male,response-16-quantised,5
32,1591980031346,12/06/2020 16:40:31,1591980031116,-4,12/06/2020 12:40:31,17411,6,questionnaire-dzon,,5579822,A1GRPIBHW72HDU,1557738,,complete,aqqsyb,,computer,Desktop or Laptop,Windows 10,Firefox 77.0,1536x864,1328x712,,DOSPERT,1,Male,response-17,4
33,1591980031346,12/06/2020 16:40:31,1591980031116,-4,12/06/2020 12:40:31,17411,6,questionnaire-dzon,,5579822,A1GRPIBHW72HDU,1557738,,complete,aqqsyb,,computer,Desktop or Laptop,Windows 10,Firefox 77.0,1536x864,1328x712,,DOSPERT,1,Male,response-17-quantised,4
34,1591980031346,12/06/2020 16:40:31,1591980031116,-4,12/06/2020 12:40:31,17411,6,questionnaire-dzon,,5579822,A1GRPIBHW72HDU,1557738,,complete,aqqsyb,,computer,Desktop or Laptop,Windows 10,Firefox 77.0,1536x864,1328x712,,DOSPERT,1,Male,response-18,2
35,1591980031346,12/06/2020 16:40:31,1591980031117,-4,12/06/2020 12:40:31,17411,6,questionnaire-dzon,,5579822,A1GRPIBHW72HDU,1557738,,complete,aqqsyb,,computer,Desktop or Laptop,Windows 10,Firefox 77.0,1536x864,1328x712,,DOSPERT,1,Male,response-18-quantised,2
36,1591980031346,12/06/2020 16:40:31,1591980031117,-4,12/06/2020 12:40:31,17411,6,questionnaire-dzon,,5579822,A1GRPIBHW72HDU,1557738,,complete,aqqsyb,,computer,Desktop or Laptop,Windows 10,Firefox 77.0,1536x864,1328x712,,DOSPERT,1,Male,response-19-quantised,4
37,1591980031346,12/06/2020 16:40:31,1591980031117,-4,12/06/2020 12:40:31,17411,6,questionnaire-dzon,,5579822,A1GRPIBHW72HDU,1557738,,complete,aqqsyb,,computer,Desktop or Laptop,Windows 10,Firefox 77.0,1536x864,1328x712,,DOSPERT,1,Male,response-20,4
38,1591980031346,12/06/2020 16:40:31,1591980031117,-4,12/06/2020 12:40:31,17411,6,questionnaire-dzon,,5579822,A1GRPIBHW72HDU,1557738,,complete,aqqsyb,,computer,Desktop or Laptop,Windows 10,Firefox 77.0,1536x864,1328x712,,DOSPERT,1,Male,response-20-quantised,4
39,1591980031346,12/06/2020 16:40:31,1591980031117,-4,12/06/2020 12:40:31,17411,6,questionnaire-dzon,,5579822,A1GRPIBHW72HDU,1557738,,complete,aqqsyb,,computer,Desktop or Laptop,Windows 10,Firefox 77.0,1536x864,1328x712,,DOSPERT,1,Male,response-21,1
40,1591980031346,12/06/2020 16:40:31,1591980031117,-4,12/06/2020 12:40:31,17411,6,questionnaire-dzon,,5579822,A1GRPIBHW72HDU,1557738,,complete,aqqsyb,,computer,Desktop or Laptop,Windows 10,Firefox 77.0,1536x864,1328x712,,DOSPERT,1,Male,response-19,4
41,1591980031346,12/06/2020 16:40:31,1591980031118,-4,12/06/2020 12:40:31,17411,6,questionnaire-dzon,,5579822,A1GRPIBHW72HDU,1557738,,complete,aqqsyb,,computer,Desktop or Laptop,Windows 10,Firefox 77.0,1536x864,1328x712,,DOSPERT,1,Male,response-21-quantised,1
42,1591980031346,12/06/2020 16:40:31,1591980031118,-4,12/06/2020 12:40:31,17411,6,questionnaire-dzon,,5579822,A1GRPIBHW72HDU,1557738,,complete,aqqsyb,,computer,Desktop or Laptop,Windows 10,Firefox 77.0,1536x864,1328x712,,DOSPERT,1,Male,response-22,6
43,1591980031517,12/06/2020 16:40:31,1591980031118,-4,12/06/2020 12:40:31,17411,6,questionnaire-dzon,,5579822,A1GRPIBHW72HDU,1557738,,complete,aqqsyb,,computer,Desktop or Laptop,Windows 10,Firefox 77.0,1536x864,1328x712,,DOSPERT,1,Male,response-22-quantised,6
44,1591980031517,12/06/2020 16:40:31,1591980031118,-4,12/06/2020 12:40:31,17411,6,questionnaire-dzon,,5579822,A1GRPIBHW72HDU,1557738,,complete,aqqsyb,,computer,Desktop or Laptop,Windows 10,Firefox 77.0,1536x864,1328x712,,DOSPERT,1,Male,response-23,4
45,1591980031517,12/06/2020 16:40:31,1591980031118,-4,12/06/2020 12:40:31,17411,6,questionnaire-dzon,,5579822,A1GRPIBHW72HDU,1557738,,complete,aqqsyb,,computer,Desktop or Laptop,Windows 10,Firefox 77.0,1536x864,1328x712,,DOSPERT,1,Male,response-23-quantised,4
46,1591980031517,12/06/2020 16:40:31,1591980031118,-4,12/06/2020 12:40:31,17411,6,questionnaire-dzon,,5579822,A1GRPIBHW72HDU,1557738,,complete,aqqsyb,,computer,Desktop or Laptop,Windows 10,Firefox 77.0,1536x864,1328x712,,DOSPERT,1,Male,response-24,7
47,1591980031517,12/06/2020 16:40:31,1591980031118,-4,12/06/2020 12:40:31,17411,6,questionnaire-dzon,,5579822,A1GRPIBHW72HDU,1557738,,complete,aqqsyb,,computer,Desktop or Laptop,Windows 10,Firefox 77.0,1536x864,1328x712,,DOSPERT,1,Male,response-24-quantised,7
48,1591980031517,12/06/2020 16:40:31,1591980031118,-4,12/06/2020 12:40:31,17411,6,questionnaire-dzon,,5579822,A1GRPIBHW72HDU,1557738,,complete,aqqsyb,,computer,Desktop or Laptop,Windows 10,Firefox 77.0,1536x864,1328x712,,DOSPERT,1,Male,response-25,5
49,1591980031517,12/06/2020 16:40:31,1591980031118,-4,12/06/2020 12:40:31,17411,6,questionnaire-dzon,,5579822,A1GRPIBHW72HDU,1557738,,complete,aqqsyb,,computer,Desktop or Laptop,Windows 10,Firefox 77.0,1536x864,1328x712,,DOSPERT,1,Male,response-25-quantised,5
50,1591980031517,12/06/2020 16:40:31,1591980031119,-4,12/06/2020 12:40:31,17411,6,questionnaire-dzon,,5579822,A1GRPIBHW72HDU,1557738,,complete,aqqsyb,,computer,Desktop or Laptop,Windows 10,Firefox 77.0,1536x864,1328x712,,DOSPERT,1,Male,response-29,6
51,1591980031517,12/06/2020 16:40:31,1591980031119,-4,12/06/2020 12:40:31,17411,6,questionnaire-dzon,,5579822,A1GRPIBHW72HDU,1557738,,complete,aqqsyb,,computer,Desktop or Laptop,Windows 10,Firefox 77.0,1536x864,1328x712,,DOSPERT,1,Male,response-26,4
52,1591980031517,12/06/2020 16:40:31,1591980031119,-4,12/06/2020 12:40:31,17411,6,questionnaire-dzon,,5579822,A1GRPIBHW72HDU,1557738,,complete,aqqsyb,,computer,Desktop or Laptop,Windows 10,Firefox 77.0,1536x864,1328x712,,DOSPERT,1,Male,response-27,3
53,1591980031517,12/06/2020 16:40:31,1591980031119,-4,12/06/2020 12:40:31,17411,6,questionnaire-dzon,,5579822,A1GRPIBHW72HDU,1557738,,complete,aqqsyb,,computer,Desktop or Laptop,Windows 10,Firefox 77.0,1536x864,1328x712,,DOSPERT,1,Male,response-27-quantised,3
54,1591980031517,12/06/2020 16:40:31,1591980031119,-4,12/06/2020 12:40:31,17411,6,questionnaire-dzon,,5579822,A1GRPIBHW72HDU,1557738,,complete,aqqsyb,,computer,Desktop or Laptop,Windows 10,Firefox 77.0,1536x864,1328x712,,DOSPERT,1,Male,response-28,6
55,1591980031517,12/06/2020 16:40:31,1591980031119,-4,12/06/2020 12:40:31,17411,6,questionnaire-dzon,,5579822,A1GRPIBHW72HDU,1557738,,complete,aqqsyb,,computer,Desktop or Laptop,Windows 10,Firefox 77.0,1536x864,1328x712,,DOSPERT,1,Male,response-28-quantised,6
56,1591980031517,12/06/2020 16:40:31,1591980031119,-4,12/06/2020 12:40:31,17411,6,questionnaire-dzon,,5579822,A1GRPIBHW72HDU,1557738,,complete,aqqsyb,,computer,Desktop or Laptop,Windows 10,Firefox 77.0,1536x864,1328x712,,DOSPERT,1,Male,response-26-quantised,4
57,1591980031517,12/06/2020 16:40:31,1591980031120,-4,12/06/2020 12:40:31,17411,6,questionnaire-dzon,,5579822,A1GRPIBHW72HDU,1557738,,complete,aqqsyb,,computer,Desktop or Laptop,Windows 10,Firefox 77.0,1536x864,1328x712,,DOSPERT,1,Male,response-29-quantised,6
58,1591980031517,12/06/2020 16:40:31,1591980031120,-4,12/06/2020 12:40:31,17411,6,questionnaire-dzon,,5579822,A1GRPIBHW72HDU,1557738,,complete,aqqsyb,,computer,Desktop or Laptop,Windows 10,Firefox 77.0,1536x864,1328x712,,DOSPERT,1,Male,response-30,2
59,1591980031517,12/06/2020 16:40:31,1591980031120,-4,12/06/2020 12:40:31,17411,6,questionnaire-dzon,,5579822,A1GRPIBHW72HDU,1557738,,complete,aqqsyb,,computer,Desktop or Laptop,Windows 10,Firefox 77.0,1536x864,1328x712,,DOSPERT,1,Male,response-30-quantised,2
60,1591980031517,12/06/2020 16:40:31,1591980031121,-4,12/06/2020 12:40:31,17411,6,questionnaire-dzon,,5579822,A1GRPIBHW72HDU,1557738,,complete,aqqsyb,,computer,Desktop or Laptop,Windows 10,Firefox 77.0,1536x864,1328x712,,DOSPERT,1,Male,response-31,4
61,1591980031517,12/06/2020 16:40:31,1591980031121,-4,12/06/2020 12:40:31,17411,6,questionnaire-dzon,,5579822,A1GRPIBHW72HDU,1557738,,complete,aqqsyb,,computer,Desktop or Laptop,Windows 10,Firefox 77.0,1536x864,1328x712,,DOSPERT,1,Male,response-31-quantised,4
62,1591980031517,12/06/2020 16:40:31,1591980031121,-4,12/06/2020 12:40:31,17411,6,questionnaire-dzon,,5579822,A1GRPIBHW72HDU,1557738,,complete,aqqsyb,,computer,Desktop or Laptop,Windows 10,Firefox 77.0,1536x864,1328x712,,DOSPERT,1,Male,END QUESTIONNAIRE,65003
1,1590493171272,26/05/2020 11:39:31,1590493170865,1,26/05/2020 12:39:30,17411,6,questionnaire-dzon,,5141178,qlm0bu8d,1453092,,complete,serwba,,computer,Desktop or Laptop,Windows 10,Chrome 81.0.4044.138,1536x864,1214x611,,DOSPERT,1,Male,BEGIN QUESTIONNAIRE,
2,1590493204325,26/05/2020 11:40:04,1590493203956,1,26/05/2020 12:40:03,17411,6,questionnaire-dzon,,5141178,qlm0bu8d,1453092,,complete,serwba,,computer,Desktop or Laptop,Windows 10,Chrome 81.0.4044.138,1536x864,1198x611,,DOSPERT,1,Male,response-2,7
3,1590493204433,26/05/2020 11:40:04,1590493203961,1,26/05/2020 12:40:03,17411,6,questionnaire-dzon,,5141178,qlm0bu8d,1453092,,complete,serwba,,computer,Desktop or Laptop,Windows 10,Chrome 81.0.4044.138,1536x864,1198x611,,DOSPERT,1,Male,response-2-quantised,7
4,1590493204433,26/05/2020 11:40:04,1590493203962,1,26/05/2020 12:40:03,17411,6,questionnaire-dzon,,5141178,qlm0bu8d,1453092,,complete,serwba,,computer,Desktop or Laptop,Windows 10,Chrome 81.0.4044.138,1536x864,1198x611,,DOSPERT,1,Male,response-3,7
5,1590493204433,26/05/2020 11:40:04,1590493203963,1,26/05/2020 12:40:03,17411,6,questionnaire-dzon,,5141178,qlm0bu8d,1453092,,complete,serwba,,computer,Desktop or Laptop,Windows 10,Chrome 81.0.4044.138,1536x864,1198x611,,DOSPERT,1,Male,response-3-quantised,7
6,1590493204433,26/05/2020 11:40:04,1590493203964,1,26/05/2020 12:40:03,17411,6,questionnaire-dzon,,5141178,qlm0bu8d,1453092,,complete,serwba,,computer,Desktop or Laptop,Windows 10,Chrome 81.0.4044.138,1536x864,1198x611,,DOSPERT,1,Male,response-4,7
7,1590493204433,26/05/2020 11:40:04,1590493203965,1,26/05/2020 12:40:03,17411,6,questionnaire-dzon,,5141178,qlm0bu8d,1453092,,complete,serwba,,computer,Desktop or Laptop,Windows 10,Chrome 81.0.4044.138,1536x864,1198x611,,DOSPERT,1,Male,response-5,7
8,1590493204433,26/05/2020 11:40:04,1590493203965,1,26/05/2020 12:40:03,17411,6,questionnaire-dzon,,5141178,qlm0bu8d,1453092,,complete,serwba,,computer,Desktop or Laptop,Windows 10,Chrome 81.0.4044.138,1536x864,1198x611,,DOSPERT,1,Male,response-4-quantised,7
9,1590493204433,26/05/2020 11:40:04,1590493203966,1,26/05/2020 12:40:03,17411,6,questionnaire-dzon,,5141178,qlm0bu8d,1453092,,complete,serwba,,computer,Desktop or Laptop,Windows 10,Chrome 81.0.4044.138,1536x864,1198x611,,DOSPERT,1,Male,response-5-quantised,7
10,1590493204433,26/05/2020 11:40:04,1590493203967,1,26/05/2020 12:40:03,17411,6,questionnaire-dzon,,5141178,qlm0bu8d,1453092,,complete,serwba,,computer,Desktop or Laptop,Windows 10,Chrome 81.0.4044.138,1536x864,1198x611,,DOSPERT,1,Male,response-6,7
11,1590493204433,26/05/2020 11:40:04,1590493203967,1,26/05/2020 12:40:03,17411,6,questionnaire-dzon,,5141178,qlm0bu8d,1453092,,complete,serwba,,computer,Desktop or Laptop,Windows 10,Chrome 81.0.4044.138,1536x864,1198x611,,DOSPERT,1,Male,response-6-quantised,7
12,1590493204433,26/05/2020 11:40:04,1590493203968,1,26/05/2020 12:40:03,17411,6,questionnaire-dzon,,5141178,qlm0bu8d,1453092,,complete,serwba,,computer,Desktop or Laptop,Windows 10,Chrome 81.0.4044.138,1536x864,1198x611,,DOSPERT,1,Male,response-7,7
13,1590493204433,26/05/2020 11:40:04,1590493203968,1,26/05/2020 12:40:03,17411,6,questionnaire-dzon,,5141178,qlm0bu8d,1453092,,complete,serwba,,computer,Desktop or Laptop,Windows 10,Chrome 81.0.4044.138,1536x864,1198x611,,DOSPERT,1,Male,response-7-quantised,7
14,1590493204433,26/05/2020 11:40:04,1590493203969,1,26/05/2020 12:40:03,17411,6,questionnaire-dzon,,5141178,qlm0bu8d,1453092,,complete,serwba,,computer,Desktop or Laptop,Windows 10,Chrome 81.0.4044.138,1536x864,1198x611,,DOSPERT,1,Male,response-8,7
15,1590493204433,26/05/2020 11:40:04,1590493203969,1,26/05/2020 12:40:03,17411,6,questionnaire-dzon,,5141178,qlm0bu8d,1453092,,complete,serwba,,computer,Desktop or Laptop,Windows 10,Chrome 81.0.4044.138,1536x864,1198x611,,DOSPERT,1,Male,response-8-quantised,7
16,1590493204433,26/05/2020 11:40:04,1590493203970,1,26/05/2020 12:40:03,17411,6,questionnaire-dzon,,5141178,qlm0bu8d,1453092,,complete,serwba,,computer,Desktop or Laptop,Windows 10,Chrome 81.0.4044.138,1536x864,1198x611,,DOSPERT,1,Male,response-9,7
17,1590493204433,26/05/2020 11:40:04,1590493203972,1,26/05/2020 12:40:03,17411,6,questionnaire-dzon,,5141178,qlm0bu8d,1453092,,complete,serwba,,computer,Desktop or Laptop,Windows 10,Chrome 81.0.4044.138,1536x864,1198x611,,DOSPERT,1,Male,response-9-quantised,7
18,1590493204433,26/05/2020 11:40:04,1590493203973,1,26/05/2020 12:40:03,17411,6,questionnaire-dzon,,5141178,qlm0bu8d,1453092,,complete,serwba,,computer,Desktop or Laptop,Windows 10,Chrome 81.0.4044.138,1536x864,1198x611,,DOSPERT,1,Male,response-10,7
19,1590493204433,26/05/2020 11:40:04,1590493203974,1,26/05/2020 12:40:03,17411,6,questionnaire-dzon,,5141178,qlm0bu8d,1453092,,complete,serwba,,computer,Desktop or Laptop,Windows 10,Chrome 81.0.4044.138,1536x864,1198x611,,DOSPERT,1,Male,response-10-quantised,7
20,1590493204433,26/05/2020 11:40:04,1590493203977,1,26/05/2020 12:40:03,17411,6,questionnaire-dzon,,5141178,qlm0bu8d,1453092,,complete,serwba,,computer,Desktop or Laptop,Windows 10,Chrome 81.0.4044.138,1536x864,1198x611,,DOSPERT,1,Male,response-11,7
21,1590493204433,26/05/2020 11:40:04,1590493203977,1,26/05/2020 12:40:03,17411,6,questionnaire-dzon,,5141178,qlm0bu8d,1453092,,complete,serwba,,computer,Desktop or Laptop,Windows 10,Chrome 81.0.4044.138,1536x864,1198x611,,DOSPERT,1,Male,response-11-quantised,7
22,1590493204433,26/05/2020 11:40:04,1590493203978,1,26/05/2020 12:40:03,17411,6,questionnaire-dzon,,5141178,qlm0bu8d,1453092,,complete,serwba,,computer,Desktop or Laptop,Windows 10,Chrome 81.0.4044.138,1536x864,1198x611,,DOSPERT,1,Male,response-12,7
23,1590493204495,26/05/2020 11:40:04,1590493203981,1,26/05/2020 12:40:03,17411,6,questionnaire-dzon,,5141178,qlm0bu8d,1453092,,complete,serwba,,computer,Desktop or Laptop,Windows 10,Chrome 81.0.4044.138,1536x864,1198x611,,DOSPERT,1,Male,response-12-quantised,7
24,1590493204495,26/05/2020 11:40:04,1590493203982,1,26/05/2020 12:40:03,17411,6,questionnaire-dzon,,5141178,qlm0bu8d,1453092,,complete,serwba,,computer,Desktop or Laptop,Windows 10,Chrome 81.0.4044.138,1536x864,1198x611,,DOSPERT,1,Male,response-13,7
25,1590493204495,26/05/2020 11:40:04,1590493203983,1,26/05/2020 12:40:03,17411,6,questionnaire-dzon,,5141178,qlm0bu8d,1453092,,complete,serwba,,computer,Desktop or Laptop,Windows 10,Chrome 81.0.4044.138,1536x864,1198x611,,DOSPERT,1,Male,response-13-quantised,7
26,1590493204495,26/05/2020 11:40:04,1590493203983,1,26/05/2020 12:40:03,17411,6,questionnaire-dzon,,5141178,qlm0bu8d,1453092,,complete,serwba,,computer,Desktop or Laptop,Windows 10,Chrome 81.0.4044.138,1536x864,1198x611,,DOSPERT,1,Male,response-14,7
27,1590493204495,26/05/2020 11:40:04,1590493203984,1,26/05/2020 12:40:03,17411,6,questionnaire-dzon,,5141178,qlm0bu8d,1453092,,complete,serwba,,computer,Desktop or Laptop,Windows 10,Chrome 81.0.4044.138,1536x864,1198x611,,DOSPERT,1,Male,response-14-quantised,7
28,1590493204495,26/05/2020 11:40:04,1590493203984,1,26/05/2020 12:40:03,17411,6,questionnaire-dzon,,5141178,qlm0bu8d,1453092,,complete,serwba,,computer,Desktop or Laptop,Windows 10,Chrome 81.0.4044.138,1536x864,1198x611,,DOSPERT,1,Male,response-15,7
29,1590493204495,26/05/2020 11:40:04,1590493203985,1,26/05/2020 12:40:03,17411,6,questionnaire-dzon,,5141178,qlm0bu8d,1453092,,complete,serwba,,computer,Desktop or Laptop,Windows 10,Chrome 81.0.4044.138,1536x864,1198x611,,DOSPERT,1,Male,response-15-quantised,7
30,1590493204495,26/05/2020 11:40:04,1590493203985,1,26/05/2020 12:40:03,17411,6,questionnaire-dzon,,5141178,qlm0bu8d,1453092,,complete,serwba,,computer,Desktop or Laptop,Windows 10,Chrome 81.0.4044.138,1536x864,1198x611,,DOSPERT,1,Male,response-16,7
31,1590493204495,26/05/2020 11:40:04,1590493203985,1,26/05/2020 12:40:03,17411,6,questionnaire-dzon,,5141178,qlm0bu8d,1453092,,complete,serwba,,computer,Desktop or Laptop,Windows 10,Chrome 81.0.4044.138,1536x864,1198x611,,DOSPERT,1,Male,response-16-quantised,7
32,1590493204495,26/05/2020 11:40:04,1590493203986,1,26/05/2020 12:40:03,17411,6,questionnaire-dzon,,5141178,qlm0bu8d,1453092,,complete,serwba,,computer,Desktop or Laptop,Windows 10,Chrome 81.0.4044.138,1536x864,1198x611,,DOSPERT,1,Male,response-17,7
33,1590493204495,26/05/2020 11:40:04,1590493203987,1,26/05/2020 12:40:03,17411,6,questionnaire-dzon,,5141178,qlm0bu8d,1453092,,complete,serwba,,computer,Desktop or Laptop,Windows 10,Chrome 81.0.4044.138,1536x864,1198x611,,DOSPERT,1,Male,response-17-quantised,7
34,1590493204495,26/05/2020 11:40:04,1590493203988,1,26/05/2020 12:40:03,17411,6,questionnaire-dzon,,5141178,qlm0bu8d,1453092,,complete,serwba,,computer,Desktop or Laptop,Windows 10,Chrome 81.0.4044.138,1536x864,1198x611,,DOSPERT,1,Male,response-18-quantised,7
35,1590493204495,26/05/2020 11:40:04,1590493203988,1,26/05/2020 12:40:03,17411,6,questionnaire-dzon,,5141178,qlm0bu8d,1453092,,complete,serwba,,computer,Desktop or Laptop,Windows 10,Chrome 81.0.4044.138,1536x864,1198x611,,DOSPERT,1,Male,response-18,7
36,1590493204495,26/05/2020 11:40:04,1590493203989,1,26/05/2020 12:40:03,17411,6,questionnaire-dzon,,5141178,qlm0bu8d,1453092,,complete,serwba,,computer,Desktop or Laptop,Windows 10,Chrome 81.0.4044.138,1536x864,1198x611,,DOSPERT,1,Male,response-19,7
37,1590493204495,26/05/2020 11:40:04,1590493203992,1,26/05/2020 12:40:03,17411,6,questionnaire-dzon,,5141178,qlm0bu8d,1453092,,complete,serwba,,computer,Desktop or Laptop,Windows 10,Chrome 81.0.4044.138,1536x864,1198x611,,DOSPERT,1,Male,response-19-quantised,7
38,1590493204495,26/05/2020 11:40:04,1590493203993,1,26/05/2020 12:40:03,17411,6,questionnaire-dzon,,5141178,qlm0bu8d,1453092,,complete,serwba,,computer,Desktop or Laptop,Windows 10,Chrome 81.0.4044.138,1536x864,1198x611,,DOSPERT,1,Male,response-20,7
39,1590493204495,26/05/2020 11:40:04,1590493203994,1,26/05/2020 12:40:03,17411,6,questionnaire-dzon,,5141178,qlm0bu8d,1453092,,complete,serwba,,computer,Desktop or Laptop,Windows 10,Chrome 81.0.4044.138,1536x864,1198x611,,DOSPERT,1,Male,response-20-quantised,7
40,1590493204495,26/05/2020 11:40:04,1590493203996,1,26/05/2020 12:40:03,17411,6,questionnaire-dzon,,5141178,qlm0bu8d,1453092,,complete,serwba,,computer,Desktop or Laptop,Windows 10,Chrome 81.0.4044.138,1536x864,1198x611,,DOSPERT,1,Male,response-21,7
41,1590493204495,26/05/2020 11:40:04,1590493203997,1,26/05/2020 12:40:03,17411,6,questionnaire-dzon,,5141178,qlm0bu8d,1453092,,complete,serwba,,computer,Desktop or Laptop,Windows 10,Chrome 81.0.4044.138,1536x864,1198x611,,DOSPERT,1,Male,response-21-quantised,7
42,1590493204495,26/05/2020 11:40:04,1590493203998,1,26/05/2020 12:40:03,17411,6,questionnaire-dzon,,5141178,qlm0bu8d,1453092,,complete,serwba,,computer,Desktop or Laptop,Windows 10,Chrome 81.0.4044.138,1536x864,1198x611,,DOSPERT,1,Male,response-22,7
43,1590493204558,26/05/2020 11:40:04,1590493203998,1,26/05/2020 12:40:03,17411,6,questionnaire-dzon,,5141178,qlm0bu8d,1453092,,complete,serwba,,computer,Desktop or Laptop,Windows 10,Chrome 81.0.4044.138,1536x864,1198x611,,DOSPERT,1,Male,response-22-quantised,7
44,1590493204558,26/05/2020 11:40:04,1590493203999,1,26/05/2020 12:40:03,17411,6,questionnaire-dzon,,5141178,qlm0bu8d,1453092,,complete,serwba,,computer,Desktop or Laptop,Windows 10,Chrome 81.0.4044.138,1536x864,1198x611,,DOSPERT,1,Male,response-23,
45,1590493204558,26/05/2020 11:40:04,1590493204000,1,26/05/2020 12:40:04,17411,6,questionnaire-dzon,,5141178,qlm0bu8d,1453092,,complete,serwba,,computer,Desktop or Laptop,Windows 10,Chrome 81.0.4044.138,1536x864,1198x611,,DOSPERT,1,Male,response-24,7
46,1590493204558,26/05/2020 11:40:04,1590493204001,1,26/05/2020 12:40:04,17411,6,questionnaire-dzon,,5141178,qlm0bu8d,1453092,,complete,serwba,,computer,Desktop or Laptop,Windows 10,Chrome 81.0.4044.138,1536x864,1198x611,,DOSPERT,1,Male,response-24-quantised,7
47,1590493204558,26/05/2020 11:40:04,1590493204001,1,26/05/2020 12:40:04,17411,6,questionnaire-dzon,,5141178,qlm0bu8d,1453092,,complete,serwba,,computer,Desktop or Laptop,Windows 10,Chrome 81.0.4044.138,1536x864,1198x611,,DOSPERT,1,Male,response-25,7
48,1590493204558,26/05/2020 11:40:04,1590493204002,1,26/05/2020 12:40:04,17411,6,questionnaire-dzon,,5141178,qlm0bu8d,1453092,,complete,serwba,,computer,Desktop or Laptop,Windows 10,Chrome 81.0.4044.138,1536x864,1198x611,,DOSPERT,1,Male,response-25-quantised,7
49,1590493204558,26/05/2020 11:40:04,1590493204003,1,26/05/2020 12:40:04,17411,6,questionnaire-dzon,,5141178,qlm0bu8d,1453092,,complete,serwba,,computer,Desktop or Laptop,Windows 10,Chrome 81.0.4044.138,1536x864,1198x611,,DOSPERT,1,Male,response-26-quantised,7
50,1590493204558,26/05/2020 11:40:04,1590493204003,1,26/05/2020 12:40:04,17411,6,questionnaire-dzon,,5141178,qlm0bu8d,1453092,,complete,serwba,,computer,Desktop or Laptop,Windows 10,Chrome 81.0.4044.138,1536x864,1198x611,,DOSPERT,1,Male,response-26,7
51,1590493204558,26/05/2020 11:40:04,1590493204004,1,26/05/2020 12:40:04,17411,6,questionnaire-dzon,,5141178,qlm0bu8d,1453092,,complete,serwba,,computer,Desktop or Laptop,Windows 10,Chrome 81.0.4044.138,1536x864,1198x611,,DOSPERT,1,Male,response-27,7
52,1590493204558,26/05/2020 11:40:04,1590493204005,1,26/05/2020 12:40:04,17411,6,questionnaire-dzon,,5141178,qlm0bu8d,1453092,,complete,serwba,,computer,Desktop or Laptop,Windows 10,Chrome 81.0.4044.138,1536x864,1198x611,,DOSPERT,1,Male,response-27-quantised,7
53,1590493204558,26/05/2020 11:40:04,1590493204005,1,26/05/2020 12:40:04,17411,6,questionnaire-dzon,,5141178,qlm0bu8d,1453092,,complete,serwba,,computer,Desktop or Laptop,Windows 10,Chrome 81.0.4044.138,1536x864,1198x611,,DOSPERT,1,Male,response-28,7
54,1590493204558,26/05/2020 11:40:04,1590493204006,1,26/05/2020 12:40:04,17411,6,questionnaire-dzon,,5141178,qlm0bu8d,1453092,,complete,serwba,,computer,Desktop or Laptop,Windows 10,Chrome 81.0.4044.138,1536x864,1198x611,,DOSPERT,1,Male,response-28-quantised,7
55,1590493204558,26/05/2020 11:40:04,1590493204006,1,26/05/2020 12:40:04,17411,6,questionnaire-dzon,,5141178,qlm0bu8d,1453092,,complete,serwba,,computer,Desktop or Laptop,Windows 10,Chrome 81.0.4044.138,1536x864,1198x611,,DOSPERT,1,Male,response-29,7
56,1590493204558,26/05/2020 11:40:04,1590493204007,1,26/05/2020 12:40:04,17411,6,questionnaire-dzon,,5141178,qlm0bu8d,1453092,,complete,serwba,,computer,Desktop or Laptop,Windows 10,Chrome 81.0.4044.138,1536x864,1198x611,,DOSPERT,1,Male,response-29-quantised,7
57,1590493204558,26/05/2020 11:40:04,1590493204008,1,26/05/2020 12:40:04,17411,6,questionnaire-dzon,,5141178,qlm0bu8d,1453092,,complete,serwba,,computer,Desktop or Laptop,Windows 10,Chrome 81.0.4044.138,1536x864,1198x611,,DOSPERT,1,Male,response-30,7
58,1590493204558,26/05/2020 11:40:04,1590493204010,1,26/05/2020 12:40:04,17411,6,questionnaire-dzon,,5141178,qlm0bu8d,1453092,,complete,serwba,,computer,Desktop or Laptop,Windows 10,Chrome 81.0.4044.138,1536x864,1198x611,,DOSPERT,1,Male,response-30-quantised,7
59,1590493204558,26/05/2020 11:40:04,1590493204012,1,26/05/2020 12:40:04,17411,6,questionnaire-dzon,,5141178,qlm0bu8d,1453092,,complete,serwba,,computer,Desktop or Laptop,Windows 10,Chrome 81.0.4044.138,1536x864,1198x611,,DOSPERT,1,Male,response-31,7
60,1590493204558,26/05/2020 11:40:04,1590493204013,1,26/05/2020 12:40:04,17411,6,questionnaire-dzon,,5141178,qlm0bu8d,1453092,,complete,serwba,,computer,Desktop or Laptop,Windows 10,Chrome 81.0.4044.138,1536x864,1198x611,,DOSPERT,1,Male,response-31-quantised,7
61,1590493204558,26/05/2020 11:40:04,1590493204015,1,26/05/2020 12:40:04,17411,6,questionnaire-dzon,,5141178,qlm0bu8d,1453092,,complete,serwba,,computer,Desktop or Laptop,Windows 10,Chrome 81.0.4044.138,1536x864,1198x611,,DOSPERT,1,Male,END QUESTIONNAIRE,33149
END OF FILE
